Frequency,fra.csv-IN2/IN1
500.000000	0.616649,3.236662
